season,round,constructor_id,constructor_gap_mean_last_10,constructor_gap_delta_last_5,constructor_trend_strength
2022,1,alfa,,,
2022,2,alfa,0.24550000000000002,,
2022,3,alfa,0.93941,,
2022,4,alfa,0.9397388505747126,,
2022,5,alfa,0.8105739792008757,,
2022,6,alfa,0.723150411430876,0.12795614035087713,
2022,7,alfa,0.7210697873035078,-0.9226533333333332,
2022,8,alfa,0.7327272284030066,-0.1377246767241379,
2022,9,alfa,0.7327272284030066,,
2022,10,alfa,0.6859693605669166,-0.01479185463659144,
2022,11,alfa,0.6859693605669166,,
2022,12,alfa,0.748893554933619,,
2022,13,alfa,0.6936726384915703,,
2022,14,alfa,0.6525519862861425,,
2022,15,alfa,0.9169289102880666,,
2022,16,alfa,0.9316514980073647,,
2022,17,alfa,0.8303894435000272,-1.1436792452830187,
2022,18,alfa,0.940252040604547,,
2022,19,alfa,1.1105400143957342,0.1229269480519477,
2022,20,alfa,1.2407844021508363,0.8085833333333333,
2022,21,alfa,1.2407844021508363,,
2022,22,alfa,1.1286608237129676,-1.1180516829792313,
2023,1,alfa,1.1117875721140116,,
2023,2,alfa,1.0942085687388579,-0.29921945488721813,
2023,3,alfa,0.962326541837188,,
2023,4,alfa,0.917391376607303,-0.24148542982030113,
2023,5,alfa,0.9469070841544728,,
2023,6,alfa,0.916927248442311,0.2508532268170428,
2023,7,alfa,0.7256315909747786,-0.35238209647495355,
2023,8,alfa,0.6747642468605595,0.7611259022586608,
2023,9,alfa,0.649617540802669,0.10922389233954455,
2023,10,alfa,0.6567354706036973,-0.8141516290726818,
2023,11,alfa,0.6372676927740968,-0.13984490509490516,0.03468886804907491
2023,12,alfa,0.5846014136251374,-0.4189434934630586,0.02294467457412117
2023,13,alfa,0.6437433987828369,1.0972606531150007,0.05412468463340137
2023,14,alfa,0.666351253188967,-0.07946825396825402,0.0008279926179268959
2023,15,alfa,0.7697174884830847,0.9108246606334842,0.017557302391813162
2023,16,alfa,0.7811246758062313,0.8915878915381019,0.07860259044040702
2023,17,alfa,0.7271863391428947,-1.4831853146853144,0.027457791241782922
2023,18,alfa,0.7638234161886559,0.9014181286549707,0.06395679180533183
2023,19,alfa,0.8062572087728833,-0.5001005347593582,0.048874675778654446
2023,20,alfa,0.8637271282899859,-0.35352430713312133,0.0319309875254692
2023,21,alfa,0.9083570656213519,,
2023,22,alfa,1.004937870774331,0.08391298245614043,
2022,1,alphatauri,0.9373420364393041,,
2022,2,alphatauri,0.9287232498895965,-0.723117741536941,
2022,3,alphatauri,0.9131054557719496,,
2022,4,alphatauri,0.8661320130578227,-0.3534268965517241,
2022,5,alphatauri,0.9467754425450022,,
2022,6,alphatauri,0.8727864074572829,0.3784561403508772,
2022,7,alphatauri,0.8727870630680635,,
2022,8,alphatauri,0.8510267826354679,-0.13005872844827593,
2022,9,alphatauri,0.8830700034334854,0.39970588235294113,
2022,10,alphatauri,0.7977657177191998,-0.006609022556391064,
2022,11,alphatauri,0.7884648260068101,,
2022,12,alphatauri,0.8545931046962578,,
2022,13,alphatauri,0.827989755639654,-0.07225934147243795,
2022,14,alphatauri,0.8090892773812793,,
2022,15,alphatauri,0.9705200133120153,1.1236241258741257,
2022,16,alphatauri,0.9249040985250481,,
2022,17,alphatauri,0.818607123945266,-0.9605849056603774,
2022,18,alphatauri,0.8567367253753507,,
2022,19,alphatauri,1.0075071210336142,0.4758538961038963,
2022,20,alphatauri,1.087788371033614,0.9549523809523811,
2022,21,alphatauri,1.1411784679944599,,
2022,22,alphatauri,1.0519431313261385,-0.7079754117927906,
2023,1,alphatauri,1.0962608769344664,-0.9238805418719214,
2023,2,alphatauri,1.0831314137217534,-0.29544000626566436,
2023,3,alphatauri,1.0281245450348848,,
2023,4,alphatauri,1.003977354741143,-0.32603715395823213,
2023,5,alphatauri,1.1737465412417387,0.21279580797836362,
2023,6,alphatauri,1.1864844406040804,0.27181657268170434,
2023,7,alphatauri,0.97039594284453,-0.9738807655502394,
2023,8,alphatauri,0.8896741165227038,0.4457806566996223,
2023,9,alphatauri,0.8937051210195017,-0.6724668189014735,0.019380781512909822
2023,10,alphatauri,0.9218798292689989,-0.5408694235588972,0.0605472250582284
2023,11,alphatauri,0.8374883504891579,0.1770011501656238,0.04987889916301509
2023,12,alphatauri,0.7821208086726601,-0.12261898753420508,0.06303606045311781
2023,13,alphatauri,0.8054519904908419,0.6459476566911351,0.01762933463890137
2023,14,alphatauri,0.8290427950885432,-0.3718761904761905,0.054859725859466135
2023,15,alphatauri,0.8031996578336411,0.7982792232277527,0.024790464159510202
2023,16,alphatauri,0.7832181071828206,0.6256764843384759,0.0680384211218642
2023,17,alphatauri,0.747195145276306,-1.567422202797203,0.0018503305523630866
2023,18,alphatauri,0.722468003251664,-0.03739880952380953,0.03959917988544401
2023,19,alphatauri,0.6999227039857125,-0.6394884390119684,0.026743142122748545
2023,20,alphatauri,0.6943719393981873,-0.3965615629259427,0.02866535878780534
2023,21,alphatauri,0.7338236051620011,0.9317474268689058,0.02516221440545882
2023,22,alphatauri,0.7842915761764939,0.6293321428571428,0.03513766237415115
2022,1,alpine,0.6963315492870135,,
2022,2,alpine,0.6887097169283388,-0.3849650358290091,
2022,3,alpine,0.6626364271679903,0.169102957746479,
2022,4,alpine,0.6248076668169831,-0.21946206896551723,
2022,5,alpine,0.701844923246029,,
2022,6,alpine,0.7279068358400139,0.23969298245614035,
2022,7,alpine,0.7578802124633905,-0.1650418181818183,
2022,8,alpine,0.77354573292994,0.06922144396551733,
2022,9,alpine,0.8461287987266811,,
2022,10,alpine,0.7762850487266811,-0.13791315789473685,
2022,11,alpine,0.702407222799785,-0.8329335664335664,
2022,12,alpine,0.7772671876571553,0.16345048415492947,
2022,13,alpine,0.7364619884957296,-0.7788083610802811,
2022,14,alpine,0.7398149956783855,,
2022,15,alpine,0.8005602991888678,1.175138111888112,
2022,16,alpine,0.7685688680647613,-0.7219695813771517,
2022,17,alpine,0.6759653803575001,-0.6312264150943396,
2022,18,alpine,0.6631036310271876,,
2022,19,alpine,0.5442428992344706,-0.716487012987013,
2022,20,alpine,0.6295417831630419,0.8324007936507937,
2022,21,alpine,0.7035642357028171,,
2022,22,alpine,0.5942936119603625,,
2023,1,alpine,0.6076592128526387,0.2656366995073891,
2023,2,alpine,0.6909496182636028,0.22124138471177957,
2023,3,alpine,0.6512205273545119,,
2023,4,alpine,0.7127748487226168,,
2023,5,alpine,0.9558302369156297,0.976602096010818,
2023,6,alpine,0.9493174660731059,-0.37025438596491245,
2023,7,alpine,0.9511639633258532,-0.3838823076923077,
2023,8,alpine,0.9466754960639483,,
2023,9,alpine,0.9270456790409699,-1.0422673669467786,
2023,10,alpine,0.9855999491058033,-0.19932414663419107,
2023,11,alpine,1.004340891019891,,
2023,12,alpine,0.9658206674312536,,
2023,13,alpine,1.0111912518468382,0.5162769480519482,
2023,14,alpine,0.9003444286993167,-0.5799872568745807,
2023,15,alpine,0.870910605169905,,
2023,16,alpine,0.8338095157528138,,
2023,17,alpine,0.945443224025673,0.19159326758147488,
2023,18,alpine,0.9742579170081291,1.1229342105263158,
2023,19,alpine,0.980174434865272,-0.7594646358543419,
2023,20,alpine,0.981329050056419,0.10672149023171296,
2023,21,alpine,0.9182632579978363,-1.064140436961391,
2023,22,alpine,0.8752319321980527,-0.7594008771929824,0.05499907336549175
2024,1,alpine,0.8430785231071436,0.14741071428571428,0.022712792419801144
2024,2,alpine,0.8755913207261912,-0.26409620221327973,0.09208906722643907
2024,3,alpine,0.7179109285693285,-0.4137369215291751,0.09310108708867493
2024,4,alpine,0.7363418001030013,0.3032780701754386,0.09650140852250415
2024,5,alpine,0.6779906027154832,-0.07038461538461538,0.03844623638386984
2024,6,alpine,0.646549264996185,0.4833928571428571,0.01341730964530077
2024,7,alpine,0.625762704845809,0.6094736842105264,0.022781006620017
2024,8,alpine,0.6287308784032828,-0.04790548953027729,0.03505190616344077
2024,9,alpine,0.6605870563802355,-0.16206668331668328,0.02636812968128063
2024,10,alpine,0.6493463420945212,-0.5573946428571428,0.0006888728236829817
2024,11,alpine,0.6509592208824,0.3714051036682615,0.03842162565521804
2024,12,alpine,0.6949336298361223,0.1459661517492048,0.037993778657217266
2024,13,alpine,0.7133676298361223,-0.5479587012987013,0.03618569162594909
2024,14,alpine,0.7194448228185785,0.4764571428571428,0.02343322995802562
2024,15,alpine,0.7602026025388582,0.321064393939394,0.02000077859204284
2024,16,alpine,0.7014060356374497,-0.5443169014084506,0.008867487247170618
2024,17,alpine,0.6651461672163971,0.06253499999999998,0.022053938125151856
2024,18,alpine,0.7054430071910966,0.29429098039215684,0.009402085306958706
2024,19,alpine,0.7152606780448331,-0.4714677719821163,0.018012414149312483
2024,20,alpine,0.7937352234993786,0.815316480702396,0.019638793984885636
2024,21,alpine,0.7333687732829284,0.13033928571428574,0.009395707730992674
2024,22,alpine,0.6466536681594337,-1.1241532992327365,0.019004051534981525
2024,23,alpine,0.6282196681594338,-0.8304754098360656,0.08509698100885225
2024,24,alpine,0.5618810716682057,-0.9716742766005924,0.0941567812961202
2022,1,aston_martin,0.47965194831820834,,
2022,2,aston_martin,0.5373314914640228,0.8419500381388253,
2022,3,aston_martin,0.7125520470195783,1.82386,
2022,4,aston_martin,0.7155963442173846,0.9850756200846946,
2022,5,aston_martin,0.7192031328952115,,
2022,6,aston_martin,0.6550775310117151,-0.2809298245614035,
2022,7,aston_martin,0.6898104366738937,,
2022,8,aston_martin,0.7964475234039661,-0.29845528017241385,
2022,9,aston_martin,0.9515357586980837,0.3777693744164333,
2022,10,aston_martin,0.9998170400264046,-0.00829360902255627,
2022,11,aston_martin,0.9324709159209067,,
2022,12,aston_martin,0.9410188154987393,,
2022,13,aston_martin,0.8378818343666639,-0.2419417314095451,
2022,14,aston_martin,0.7899092885372709,,
2022,15,aston_martin,0.90283881337751,1.2597412587412586,
2022,16,aston_martin,0.8694551458754214,,
2022,17,aston_martin,0.8694551458754214,,
2022,18,aston_martin,0.8790124627640413,,
2022,19,aston_martin,0.8704677448768864,-0.47255032467532443,
2022,20,aston_martin,0.9422498877340294,0.7278670634920636,
2022,21,aston_martin,1.0336745485102137,,
2022,22,aston_martin,0.9329655083809879,-0.6134243256147052,
2023,1,aston_martin,0.9667467380491728,0.05433990147783252,
2023,2,aston_martin,0.9455382642140788,-0.28026033834586483,
2023,3,aston_martin,0.7772903664868062,,
2023,4,aston_martin,0.737370347329718,-0.2985991986401165,
2023,5,aston_martin,0.7310034895654138,-0.5551641311697093,
2023,6,aston_martin,0.7045780922680271,-0.0927719298245614,
2023,7,aston_martin,0.6073563787963138,-0.0015625641025641124,
2023,8,aston_martin,0.5877336635485985,0.8706227795193313,
2023,9,aston_martin,0.5681260114794529,-0.28841148459383753,0.014487166302576897
2023,10,aston_martin,0.5909238988033966,-0.1476168766987892,0.031071923989373598
2023,11,aston_martin,0.5030544690951738,0.05064102564102563,0.0009026602160050794
2023,12,aston_martin,0.46698514578690303,-0.4643491341991342,0.01506249413381667
2023,13,aston_martin,0.5395505094232667,0.6414564935064933,0.0353072202643298
2023,14,aston_martin,0.5478886080822706,-0.44319708528951485,0.021894839916546834
2023,15,aston_martin,0.6067190002391334,0.9118340874811464,0.02621628542582795
2023,16,aston_martin,0.6762737823557151,0.963469124423963,0.07598410807180907
2023,17,aston_martin,0.7808463029169148,0.3185090051457977,0.0881295621405509
2023,18,aston_martin,0.8032219408754475,1.01099817251462,0.11486640048980312
2023,19,aston_martin,0.8470401551611619,-0.43853326330532216,0.08888060246161036
2023,20,aston_martin,0.8793012678629499,,
2023,21,aston_martin,0.8926811884118844,-0.8746648950305607,
2023,22,aston_martin,0.8907394423801384,-0.7055812280701755,
2024,1,aston_martin,0.8433072758876271,-0.2236151477832512,
2024,2,aston_martin,0.9813645777069903,,
2024,3,aston_martin,0.9110076278159228,0.1582022535211267,
2024,4,aston_martin,0.9369643698750006,1.2145555172413793,
2024,5,aston_martin,0.8418010696008513,-0.11107119888894446,
2024,6,aston_martin,0.8147286315613081,-0.4751694862155389,
2024,7,aston_martin,0.797627580322099,0.040769824561403545,
2024,8,aston_martin,0.840428301552562,-0.4078307246146511,0.0504608845136664
2024,9,aston_martin,0.794122658483622,-0.48125162325261633,0.018853775957111584
2024,10,aston_martin,0.7760723727693362,-0.6424321428571429,0.074179708587161
2024,11,aston_martin,0.7387661128223866,-0.442768286099865,0.11511624247801862
2024,12,aston_martin,0.6417952356294042,-0.8393347926267282,0.09319215620662254
2024,13,aston_martin,0.6909869279370965,1.1131756072874495,0.06716459502417275
2024,14,aston_martin,0.6391789476415299,0.8769785714285714,0.018816335639370702
2024,15,aston_martin,0.7153772901009574,1.0239748251748253,0.042921369877914124
2024,16,aston_martin,0.6503560375858668,-0.1556732394366197,0.02751123161069241
2024,17,aston_martin,0.6841408490339355,-0.11329898403483307,0.049039163549097896
2024,18,aston_martin,0.7077695266340077,0.34653585434173695,0.12756316267553644
2024,19,aston_martin,0.7446564442353882,-0.874365871833085,0.06357806187089142
2024,20,aston_martin,0.734685729949674,-0.09192676056338028,0.0032240612398915266
2024,21,aston_martin,0.7433010046749488,-0.6944636533278044,0.05931563157012176
2024,22,aston_martin,0.7895579611966878,-0.6130520034100598,0.07735741342795481
2024,23,aston_martin,0.8260272688889956,1.1089995081967214,0.01655367445878875
2024,24,aston_martin,0.7387623816709504,0.10403684210526318,0.02907895289327176
2022,1,ferrari,0.6811652725636823,,
2022,2,ferrari,6.355331499947479,50.44925324180015,
2022,3,ferrari,6.251076173387245,-1.41629,
2022,4,ferrari,16.13849484967002,90.20595281306716,
2022,5,ferrari,16.165709063102813,,
2022,6,ferrari,16.154628361348426,-51.25914912280702,
2022,7,ferrari,16.173250006370072,0.41142909090909097,
2022,8,ferrari,16.080465888012583,-90.43487715517242,
2022,9,ferrari,17.904052874014155,,
2022,10,ferrari,17.886367018751,0.062276315789473694,
2022,11,ferrari,24.73585081153935,79.04481206293705,
2022,12,ferrari,26.95903278446854,71.29294806338028,
2022,13,ferrari,26.988979451135208,,
2022,14,ferrari,16.950996473576367,0.0055928571428571355,
2022,15,ferrari,16.964762306508867,-78.78013024475524,
2022,16,ferrari,16.978721249003996,-71.14215639671362,
2022,17,ferrari,16.927361329049734,-0.3203301886792453,
2022,18,ferrari,16.933086493833162,-0.04150387409200969,
2022,19,ferrari,15.256552844449846,-0.5838409090909091,5.52710950547828
2022,20,ferrari,15.250852844449847,-0.12035416666666665,7.367225001775233
2022,21,ferrari,7.3656560811779075,0.6550837098060058,3.876621016966438
2022,22,ferrari,0.2416236868117106,0.0010976366674624038,0.01201996150528691
2023,1,ferrari,0.221021100604814,-0.02877586206896554,0.010727273595316578
2023,2,ferrari,0.29264558682035285,0.7788377192982455,0.014500840890497652
2023,3,ferrari,0.28581449591126196,0.0035264788732394248,0.06640452733651549
2023,4,ferrari,0.2804144240721814,0.04416682855755222,0.048766872485551005
2023,5,ferrari,0.33915724686167464,0.4731239012846518,0.04980906518873796
2023,6,ferrari,0.40694878715308114,-0.0798333333333332,0.05359617640092001
2023,7,ferrari,0.46527571023000414,0.06773923076923072,0.0564170693334137
2023,8,ferrari,0.5453711647754587,0.7346010971786834,0.049072079663661096
2023,9,ferrari,0.4924300983770684,-0.4617551820728292,0.036483904822272685
2023,10,ferrari,0.5042526335883359,-0.5585924141339265,0.008703012778703566
2023,11,ferrari,0.5197215659490787,-0.45735576923076915,0.04454159460100174
2023,12,ferrari,0.5175270797335398,-0.04406168831168833,0.008966932130790565
2023,13,ferrari,0.47182180700626714,0.07588441558441561,0.013805817828519874
2023,14,ferrari,0.4729795177342365,-0.06248141627543036,0.05695838273210085
2023,15,ferrari,0.4297932432244325,-0.11342816742081452,0.06365168137606059
2023,16,ferrari,5.530444417531166,50.948623271889396,2.7565169764567603
2023,17,ferrari,5.538400041624055,0.6043481989708405,2.1815321427181016
2023,18,ferrari,5.520072569534741,0.5397492690058479,1.6026631584064155
2023,19,ferrari,5.536597212391884,0.1353539915966387,0.9608002711900823
2023,20,ferrari,5.533995803941179,-51.59111824170831,0.31066189802777155
2023,21,ferrari,5.570195654970432,-0.17491349986712723,0.30478452776266235
2023,22,ferrari,5.508845369256146,-0.47428982456140345,0.9163153257677362
2024,1,ferrari,5.495846779914453,-0.21934790640394092,1.5637228104424616
2024,2,ferrari,5.528594513832582,0.2910100074128984,2.197213891863955
2024,3,ferrari,5.563886984420817,-0.12250197183098599,2.8262494193873366
2024,4,ferrari,4.547942268069316,41.40267896551724,2.2178872983132316
2024,5,ferrari,4.506567739767429,0.32058880936890044,1.744729459073269
2024,6,ferrari,4.467214043025575,-0.18126503759398488,1.2572470893103156
2024,7,ferrari,4.445394588138357,-0.4357652631578947,0.7421183251522824
2024,8,ferrari,4.452379799405962,-41.361818965517244,0.22632277968438128
2024,9,ferrari,9.89670526888953,54.682086477987426,2.735746632423905
2024,10,ferrari,10.975490298766145,,
2024,11,ferrari,11.006294286923582,0.27608253588516746,
2024,12,ferrari,11.009365944941868,0.2488028169014085,
2024,13,ferrari,11.041606567532785,-54.275591063348415,
2024,14,ferrari,6.450997317395947,,
2024,15,ferrari,6.4375086095629,-0.07804545454545453,
2024,16,ferrari,6.447100761238384,-0.1225805946791863,
2024,17,ferrari,11.14384725798339,41.544787604228915,
2024,18,ferrari,11.118458369094503,-0.2748357142857143,
2024,19,ferrari,5.136789312941575,0.9684633431085045,
2024,20,ferrari,9.725564845933132,50.669822420634915,3.536898470358331
2024,21,ferrari,13.973250217251953,0.482217778368323,4.720231391295159
2024,22,ferrari,13.941027181938622,0.15507246376811593,3.066782778051461
2024,23,ferrari,13.8807636216068,-1.0432051612903226,1.4438873113710264
2024,24,ferrari,13.863319523862438,-50.92414990601503,0.21483103374057458
2022,1,haas,15.370862602271396,,
2022,2,haas,15.366665396293488,0.16187490465293672,
2022,3,haas,10.800783928788247,1.05449,
2022,4,haas,12.150881919886778,,
2022,5,haas,12.109428754884219,,
2022,6,haas,5.883814621895497,0.902684210526316,
2022,7,haas,0.6028837127497836,,
2022,8,haas,0.6775189209133948,,
2022,9,haas,0.7688847050960738,,
2022,10,haas,0.9407686148705097,,
2022,11,haas,0.8417094226485017,,
2022,12,haas,0.9466618334939915,,
2022,13,haas,0.9550484750034254,,
2022,14,haas,0.9550484750034254,,
2022,15,haas,0.9607431334368215,,
2022,16,haas,0.7629914886999793,,
2022,17,haas,0.6334233796392288,-1.2019622641509435,
2022,18,haas,0.782132477382973,,
2022,19,haas,0.98776406224663,,
2022,20,haas,1.029573756124181,0.8238571428571428,
2022,21,haas,1.143433805221801,,
2022,22,haas,1.0371686137313625,-1.1261005013129624,
2023,1,haas,0.9905111814287278,,
2023,2,haas,0.9171167269389097,-0.7757321428571429,
2023,3,haas,0.9583571360715459,,
2023,4,haas,0.9150376317612011,-0.31750849927149105,
2023,5,haas,1.0177369010915749,,
2023,6,haas,0.9664207956797403,0.6383991228070176,
2023,7,haas,0.7782742966195899,-0.5306584210526317,
2023,8,haas,0.6667399903009085,0.27813872679045093,
2023,9,haas,0.6474580912175547,-0.44354219948849105,
2023,10,haas,0.684803452272775,-0.37946340852130334,
2023,11,haas,0.6602942608916513,-0.27667004048583,0.02415476514989672
2023,12,haas,0.6882852029206369,0.39645172798216277,0.031134767787619953
2023,13,haas,0.7540289301933641,1.411274374176548,0.07245330127985108
2023,14,haas,0.7769067558638622,-0.42483849206349206,0.003482422593926104
2023,15,haas,0.6937632460599406,-0.3344015384615384,0.022494238247564007
2023,16,haas,0.708613656359884,0.5069938055165966,0.03668306152174776
2023,17,haas,0.6686966523113009,-1.5872657342657344,0.01585171659676124
2023,18,haas,0.6450321330805318,-0.1872847222222222,0.03444880419621692
2023,19,haas,0.6793121191994853,0.7306927597402597,0.034154173528885605
2023,20,haas,0.6993125618554209,-0.32796308496138127,0.01641167813034752
2023,21,haas,0.6929471222949813,0.05884560439560438,0.051350526786815495
2023,22,haas,0.7027911802659959,0.7315375000000001,0.03825833783355017
2024,1,haas,0.5759583199019195,-0.19985409065375037,0.038219022266199346
2024,2,haas,0.5559718119654116,-0.8247079979879276,0.0048173878421622005
2024,3,haas,0.7201718119654116,1.3712528571428573,0.03012057434384849
2024,4,haas,0.683403116728989,0.04086627344222615,0.0759414574077441
2024,5,haas,0.6727233090366813,-0.42573520754804783,0.025729249785582307
2024,6,haas,0.7679233090366813,0.9645803571428572,0.011091575962954245
2024,7,haas,0.7810318049924799,-0.7802222807017546,0.026493719296853874
2024,8,haas,0.727995855424102,-0.4906356282809359,0.016311484484113244
2024,9,haas,0.7671001568204306,,
2024,10,haas,0.7151993631696371,-0.6875696428571428,
2024,11,haas,0.7542583947577974,0.02059223408170774,
2024,12,haas,0.8284927732509788,0.37376090413448426,
2024,13,haas,0.7870662347894403,,
2024,14,haas,0.7472599982878081,0.1497172877846792,
2024,15,haas,0.9172115328643426,0.7522973193473194,
2024,16,haas,0.8590700031303833,-0.22680281690140847,
2024,17,haas,0.8505533624923425,-0.48403320029027574,
2024,18,haas,0.9850068202195195,1.0777016197783462,
2024,19,haas,0.8902225316401905,-1.702813338301043,0.0032067530883439672
2024,20,haas,0.9757866387830477,0.6913451961770625,0.010998239924319845
2024,21,haas,0.9199214603464606,-0.4614097845417936,0.040028541544651415
2024,22,haas,0.8965166532429703,-1.070368286445013,0.06986509221330509
2024,23,haas,0.8845605378583548,1.2177460655737704,0.018452730834830615
2024,24,haas,0.8766596988041977,-0.7849321741854637,0.06480475128022768
2022,1,mclaren,0.7807355239238559,,
2022,2,mclaren,0.8169471072640531,0.3331495041952708,
2022,3,mclaren,0.8415095568689556,-0.14340999999999982,
2022,4,mclaren,0.7252300887598728,0.11019479733817306,
2022,5,mclaren,0.7533882406666587,,
2022,6,mclaren,0.6875575702405935,-0.22703508771929826,
2022,7,mclaren,0.7580073023030015,-0.0484242424242427,
2022,8,mclaren,0.7560910130517938,-0.041099676724137946,
2022,9,mclaren,0.7725574400670445,1.1125205415499535,
2022,10,mclaren,0.7955635943416197,0.01459924812030089,
2022,11,mclaren,0.7517783887536116,-0.705364219114219,0.015211696701871611
2022,12,mclaren,0.737732322786664,,
2022,13,mclaren,0.709854964296098,-0.5425040695523493,
2022,14,mclaren,0.7584950299775429,0.34089999999999976,
2022,15,mclaren,0.9487075520233983,1.6447884615384614,
2022,16,mclaren,0.914109761250169,,
2022,17,mclaren,0.8038749286474118,-0.7896415094339623,
2022,18,mclaren,0.8104144472443986,-0.42000460048426136,
2022,19,mclaren,0.83214651229264,-0.4038035714285715,
2022,20,mclaren,0.8913342107053386,0.8586686507936507,
2022,21,mclaren,0.9580370447358135,,
2022,22,mclaren,0.9580370447358135,,
2023,1,mclaren,0.9818839868308036,-0.547317118226601,
2023,2,mclaren,0.8685518439736609,-1.0984464285714284,
2023,3,mclaren,0.8191843439736608,,
2023,4,mclaren,0.786114061406611,,
2023,5,mclaren,0.9765121607406843,0.5427677484787021,
2023,6,mclaren,1.0103397016533473,0.7572728696741855,
2023,7,mclaren,0.8185367389910098,-1.5432872727272726,
2023,8,mclaren,0.693841512342658,0.12566909814323607,
2023,9,mclaren,0.7074813443045849,-0.7775470588235296,
2023,10,mclaren,0.6812244976004846,-0.41235999241060395,0.04997016593856625
2023,11,mclaren,0.5799115665660018,-0.026022727272727274,0.06036451465503039
2023,12,mclaren,0.6178208522802875,0.27820824175824177,0.09785782142493546
2023,13,mclaren,0.5739148522802875,0.3519000000000001,0.0018381671558793957
2023,14,mclaren,0.5818960783339275,-0.28988509948580377,0.057933175373761726
2023,15,mclaren,0.5345764704907902,1.082700980392157,0.038953217983266696
2023,16,mclaren,0.4816451512653071,-0.15113317972350232,0.0491963043673542
2023,17,mclaren,0.5221075011795437,-0.6996037735849058,0.020676080200261505
2023,18,mclaren,0.5093085133252928,-0.0821330409356725,0.02524129327113948
2023,19,mclaren,0.4428360133252928,-0.9690759803921569,0.024251567613599197
2023,20,mclaren,0.4325841622186529,0.014434688777828275,0.02959174531561011
2023,21,mclaren,0.43202747207780795,-0.43621312782354504,0.07769347475227148
2023,22,mclaren,0.43897018636352214,0.4756252631578948,0.0682016445279365
2024,1,mclaren,0.3488003587773153,0.11492672413793101,0.028957330649324736
2024,2,mclaren,0.4131414406486603,0.45604423029404495,0.017349780658838094
2024,3,mclaren,0.3707593426094446,0.6644469014084508,0.04532780704625598
2024,4,mclaren,0.3698099265916471,-0.23005448275862062,0.039622105558961576
2024,5,mclaren,0.39275143602560936,0.4315095966167859,0.06414611674396492
2024,6,mclaren,0.4233414266271131,-0.41964395363408524,0.04206105717102709
2024,7,mclaren,5.2190381371534285,47.411712105263156,2.6249906051396694
2024,8,mclaren,5.195439176724187,-0.2120607553366175,2.0210101090320536
2024,9,mclaren,5.197359328403493,-0.6464267053701015,1.3962688489622657
2024,10,mclaren,5.1470216141177785,-0.33365178571428566,0.8053162377272095
2024,11,mclaren,5.144236138673683,-47.86989513556619,0.21225508263893345
2024,12,mclaren,5.06439227902456,-0.1064047619047619,0.35805945197967326
2024,13,mclaren,5.011069663639945,0.11201923076923076,0.9165096396469857
2024,14,mclaren,9.179114540487236,41.95377142857143,0.7881688814941342
2024,15,mclaren,9.119143635684491,-0.14034469696969698,0.27251866897190963
2024,16,mclaren,12.877347504732109,37.960833333333326,0.7179744725901406
2024,17,mclaren,8.069754803639755,-0.1309887518142235,2.366135375088984
2024,18,mclaren,13.541790798037514,12.827850420168062,4.385627730610793
2024,19,mclaren,18.450028142950664,49.03565579178886,5.427707957211553
2024,20,mclaren,18.480177250093526,-37.6141994047619,3.2132577385855012
2024,21,mclaren,18.501488891151993,0.4191482859420675,1.0138240542662988
2024,22,mclaren,18.52856207955779,-54.556032821824374,1.2140134661368427
2024,23,mclaren,18.602801694942407,-48.22795806451613,3.399538310279046
2024,24,mclaren,14.42968131900256,-0.07892340225563915,2.8398933528193413
2022,1,mercedes,16.02202343525537,,
2022,2,mercedes,11.813597509329442,-0.18573188405797098,
2022,3,mercedes,11.927253609958374,0.14952,
2022,4,mercedes,5.847927263327767,-0.15488294010889292,
2022,5,mercedes,0.4343835983109839,,
2022,6,mercedes,0.4274262222318973,0.1990175438596491,
2022,7,mercedes,0.4288105941197903,-0.5912972727272727,
2022,8,mercedes,0.4508542736689047,0.3562974137931035,
2022,9,mercedes,0.43297344578219443,0.33300746965452854,
2022,10,mercedes,0.41698418095345585,-0.16021040100250625,
2022,11,mercedes,0.37998960901195644,-0.4174842657342657,0.02031657022286326
2022,12,mercedes,0.4398874963359001,0.2148538732394366,0.023401311562767563
2022,13,mercedes,0.3398790812415605,-0.6896366999630041,0.0032928708670619143
2022,14,mercedes,0.3318127511922994,-0.09164285714285715,0.03521408059510296
2022,15,mercedes,0.31625578871033694,0.20975699300699302,0.03393577792795768
2022,16,mercedes,0.29406583987992757,-0.621860817683881,0.049947052423415864
2022,17,mercedes,0.25128620866208884,-0.01900943396226415,0.05261995582795824
2022,18,mercedes,0.30423811544174983,0.9664797820823244,0.0026676043958460648
2022,19,mercedes,0.29015621768264616,0.3477581168831169,0.04845740968819659
2022,20,mercedes,0.3133040748255033,0.29316765873015876,0.040919989363027355
2022,21,mercedes,0.3327164258547558,0.20443555673664626,0.019233924677523592
2022,22,mercedes,4.428061496277292,40.63878550966818,2.295635774894019
2023,1,mercedes,4.469241359647493,-0.13701908866995077,1.788118652220713
2023,2,mercedes,4.557760018795363,0.5620651629072682,1.2985740330973443
2023,3,mercedes,4.578301473340817,0.22104802816901412,0.788449424758512
2023,4,mercedes,4.572089667785262,-41.63742957746479,0.23764499532999564
2023,5,mercedes,4.682251340001318,0.6708086544962812,0.2520078201510549
2023,6,mercedes,4.647044827958499,-0.27077192982456133,0.7177092233507386
2023,7,mercedes,4.642502291328463,0.09691820512820515,1.2101859107889321
2023,8,mercedes,4.6432835683847395,0.36309848484848484,1.729422375066446
2023,9,mercedes,4.625735942630213,-1.0726574229691876,2.272584303848161
2023,10,mercedes,0.5234641116442964,-0.03186767976278737,0.02392122561810424
2023,11,mercedes,0.48670393259920364,-0.45919551282051285,0.050751581325812575
2023,12,mercedes,0.4490609877370482,0.17782294372294372,0.019084467057439245
2023,13,mercedes,0.48029680591886637,0.7088824675324675,0.0004529283809381502
2023,14,mercedes,0.5229877781410887,-0.18780154538341154,0.035384738189285676
2023,15,mercedes,0.4694681702979514,0.5032143665158371,0.010011276819162288
2023,16,mercedes,0.40554737233530275,-0.5335504608294931,0.00338664000040724
2023,17,mercedes,0.44478266503002944,0.17691295025728992,0.03663028726252273
2023,18,mercedes,0.46614474636974235,0.14980957602339173,0.038381218880360744
2023,19,mercedes,0.4799101035125995,-0.39980777310924365,0.002650893233720584
2023,20,mercedes,0.4375551739351347,0.1837910040890504,0.009414047052575997
2023,21,mercedes,0.5109745807607035,-0.11735437151209138,0.010291035041955712
2023,22,mercedes,0.4975884379035606,-0.169659298245614,0.013962646562733686
2024,1,mercedes,0.4545540335148459,0.14088485221674873,0.0038626557548057895
2024,2,mercedes,0.4851911314680623,0.5421187299234,0.009497662972085088
2024,3,mercedes,0.5042014255857092,-0.0408767605633803,0.034164602473282575
2024,4,mercedes,0.559404809790573,,
2024,5,mercedes,0.5494635100002166,0.5177852960312297,
2024,6,mercedes,0.5539986673380057,-0.11574498746867168,
2024,7,mercedes,0.5666393314984066,-0.47614473684210523,
2024,8,mercedes,0.6166583716653342,,
2024,9,mercedes,0.5385851703491751,-0.7305414852443155,
2024,10,mercedes,0.49452612273012747,-0.6070071428571429,
2024,11,mercedes,0.48630593232028185,-0.04686283891547055,
2024,12,mercedes,4.381456276882783,35.148300469483566,
2024,13,mercedes,14.860825935002444,94.97610897435897,
2024,14,mercedes,13.412576198645056,0.36779999999999996,5.049730856317989
2024,15,mercedes,24.228463891612463,108.75064393939394,9.428025141611387
2024,16,mercedes,24.22762698685056,-35.180467136150234,6.565637959944075
2024,17,mercedes,24.2498853284593,-94.56788824383163,3.6795338161315527
2024,18,mercedes,24.28566277943969,0.6207792717086835,0.837406123317709
2024,19,mercedes,24.389082113600153,-107.85522507331379,2.033964522379216
2024,20,mercedes,24.48547389931444,0.36527976190476197,4.9363633716467685
2024,21,mercedes,24.520334163932453,0.07915639117725215,7.852528254591133
2024,22,mercedes,20.966779479302936,-0.7450208866155157,8.424855096039419
2024,23,mercedes,16.385183786995242,48.12595870967741,1.9371439653255504
2024,24,mercedes,16.398371982483965,-0.46423590225563915,3.8701752787640324
2024,1,rb,6.106981495689254,,
2024,2,rb,6.044179247012004,-0.21014052795031057,
2024,3,rb,6.010569847277268,-49.05441591836734,
2024,4,rb,5.997773751646033,0.3737324561403509,
2024,5,rb,5.86825583049908,,
2024,6,rb,6.479982005740036,,
2024,7,rb,6.470517819305639,0.30592749731471536,
2024,8,rb,6.48317932877268,-0.5285639501980758,
2024,9,rb,0.3509868894357017,0.23408048530416956,
2024,10,rb,0.35293200221765664,,
2024,11,rb,0.4064660532533016,0.29160688259109324,
2024,12,rb,0.4568746325065992,0.14224460959304208,
2024,13,rb,0.5229076380164954,0.5974206459175498,
2024,14,rb,0.49701694086298365,0.12515527950310557,
2024,15,rb,0.660295981267024,0.6347729020979018,
2024,16,rb,0.6504051155346878,0.06376368209255534,0.06440929349533378
2024,17,rb,0.7673900708474981,0.8814800008537521,0.11521641620082794
2024,18,rb,0.9985129519354171,2.015681135062721,0.1913427102985494
2024,19,rb,1.0544835919295905,-0.6757244783904618,0.12921366949158358
2024,20,rb,1.069264419851668,0.1121923838485458,0.07318961643597012
2024,21,rb,1.0739991451263937,-0.8308954177897572,0.04734480497209826
2024,22,rb,1.0630440273180946,-2.278535379369139,0.028494411199129963
2024,23,rb,1.1295869141959225,0.7031431147540982,0.020264096671390366
2024,24,rb,1.1624714363709252,0.30619222203235374,0.06034650349973906
2022,1,red_bull,1.1283558888969878,,
2022,2,red_bull,1.1992269595161535,,
2022,3,red_bull,7.321348068006719,49.19302,
2022,4,red_bull,6.988022087614562,-0.9797719298245615,
2022,5,red_bull,12.356515988863585,,
2022,6,red_bull,18.486489578021136,,
2022,7,red_bull,23.894602916765727,-6.542957575757569,
2022,8,red_bull,30.671726671294714,54.6050625,
2022,9,red_bull,37.378137382079025,11.40647759103642,
2022,10,red_bull,47.578458747993814,32.868974436090234,
2022,11,red_bull,42.30798683582356,-44.002780885780886,
2022,12,red_bull,38.077188152241206,-54.6050625,1.4196026275746794
2022,13,red_bull,38.100879944694036,-4.221347761746216,0.12213978621884103
2022,14,red_bull,42.3694028018369,-39.89711428571429,2.167863497120698
2022,15,red_bull,43.83051649231309,58.20866346153846,1.2045487212971724
2022,16,red_bull,42.895845622430045,40.366659722222224,1.0012962347194936
2022,17,red_bull,43.036533172458626,-5.3729999999999976,0.7729034132720979
2022,18,red_bull,43.84202099025524,19.97471210653753,1.068699557349249
2022,19,red_bull,57.75030299305636,135.87816071428574,10.025483037182495
2022,20,red_bull,54.965224064484936,14.364893849206346,11.516293302093418
2022,21,red_bull,59.108869107821874,-3.973205952697313,7.13149211045619
2022,22,red_bull,59.1237127697937,-62.511504058247795,0.02512275365879954
2023,1,red_bull,58.564185460099495,-148.89944088669952,1.3238764189787184
2023,2,red_bull,59.24868979593909,-5.201281641604005,2.8752324647232914
2023,3,red_bull,58.2829412959391,7.1147280281690115,3.510587985443179
2023,4,red_bull,62.143976185785846,78.82857200097133,3.576239448401549
2023,5,red_bull,63.03986292274478,9.181140466531438,5.09849616900062
2023,6,red_bull,61.381638153193784,-3.4525789473684227,6.049033588122828
2023,7,red_bull,46.1726789643563,-6.55394617408907,1.7581277708254506
2023,8,red_bull,44.71861603145587,-38.7860843782654,2.002441881009734
2023,9,red_bull,44.61071840570135,-14.011049579831933,1.5632305627648593
2023,10,red_bull,48.215934602884445,-9.87709439090684,1.8596553643453364
2023,11,red_bull,48.6079905047412,7.1107100202429265,1.995423633065674
2023,12,red_bull,47.86711116890161,1.9305543290043303,2.2877479465438344
2023,13,red_bull,48.597736941628874,15.49996201298702,1.7888273637109715
2023,14,red_bull,46.70489094067103,23.847950019561807,0.8610471423193814
2023,15,red_bull,45.58991250929848,-5.889202865761689,1.1992824650187939
2023,16,red_bull,41.046135952988344,-41.481551152073735,1.2200162053130739
2023,17,red_bull,47.125070815680274,46.92914472555746,2.2285310377216208
2023,18,red_bull,47.787431900209775,-13.234013523391816,1.7493162870703196
2023,19,red_bull,48.858131185924066,7.8457275910364,1.4502133294691355
2023,20,red_bull,55.57178822817758,102.69724159472968,3.577961704713505
2023,21,red_bull,55.601382702717125,-53.3826938612809,2.8280878566412904
2023,22,red_bull,56.735624845574264,6.64936491228071,1.8128376156193036
2024,1,red_bull,55.634817831467686,-6.215100985221667,1.1234305026761322
2024,2,red_bull,54.46652525105833,-54.971546207066964,1.021177674530837
2024,3,red_bull,54.979144153019114,-1.0589585915492918,0.04509980569251139
2024,4,red_bull,55.00815658349742,-52.53384827586207,6.6158465689060755
2024,5,red_bull,51.19894243255403,19.845073357189335,2.8847953943500175
2024,6,red_bull,51.914067495210666,5.600162907268171,3.0261704928809063
2024,7,red_bull,46.799373322278335,-48.42740315789474,5.90150536584789
2024,8,red_bull,40.575638960552425,40.16977367268747,2.4432034186915743
2024,9,red_bull,35.63364833216673,-64.71045863570393,4.051263806175067
2024,10,red_bull,39.35018404645244,36.66347142857143,0.137180118930266
2024,11,red_bull,38.90788159086206,40.50881618819777,0.579971935851202
2024,12,red_bull,34.133370718611005,-40.47931131231836,0.8779138470547654
2024,13,red_bull,29.30099671861101,0.0372076923076923,1.773660964462157
2024,14,red_bull,29.248605117625782,-90.22312142857143,5.241140624935686
2024,15,red_bull,22.82164343237707,-40.00151893939394,4.432811141038567
2024,16,red_bull,17.46391347205961,-0.23202797339593118,3.5801617518894635
2024,17,red_bull,17.539581297283046,0.6530150943396227,5.648243135701452
2024,18,red_bull,13.55937914975737,0.8916682072829132,4.96347532531638
2024,19,red_bull,13.565821605926269,-0.3764172215278112,6.587983905838206
2024,20,red_bull,4.569888748783409,0.28144246031746034,2.1538338840457194
2024,21,red_bull,0.6032630634593434,0.08588108272275152,0.04626898838595718
2024,22,red_bull,6.068028321675305,53.970362745098036,3.0291410711762023
2024,23,red_bull,6.127064321675307,0.5631431306187202,2.3458724261246506
2024,24,red_bull,15.66415601340463,95.10712406015038,6.854476547990392
2024,1,sauber,17.3413917825708,,
2024,2,sauber,17.3740907464156,-54.58538988095238,
2024,3,sauber,17.33379745928943,-0.2999844897959184,
2024,4,sauber,17.269408914397786,-95.05874561403509,
2024,5,sauber,17.28495362121867,,
2024,6,sauber,17.32542981169486,0.35143749999999996,
2024,7,sauber,17.30985596745986,0.3083560687432868,
2024,8,sauber,11.258398380840983,0.08674136955291445,
2024,9,sauber,11.212465983180163,0.00984919028340081,
2024,10,sauber,0.6396002548496748,-0.4129532091097309,
2024,11,sauber,0.6251409985954764,-0.26912388663967607,0.007658855127857296
2024,12,sauber,0.6000383200240479,-0.3732983870967742,0.014365069243326294
2024,13,sauber,0.6470364748859927,0.5833886377708979,0.00621611323620084
2024,14,sauber,0.651093454291027,0.13761573498964808,0.004635638276589664
2024,15,sauber,0.775716531214104,1.0837423076923078,0.03399680465623204
2024,16,sauber,0.6957029597855325,-0.19767142857142853,0.02168609957400299
2024,17,sauber,0.6788455711215649,-0.33019936651583726,0.020785538382970474
2024,18,sauber,0.7480522030001229,0.7382378942881501,0.0738319213440274
2024,19,sauber,0.8066866723702695,-0.6500368852459018,0.05664056743107822
2024,20,sauber,0.8173978374370867,0.4942941558441558,0.04000719131410403
2024,21,sauber,0.8382606396348888,0.10807802197802208,0.012309308254796807
2024,22,sauber,0.8706530309392368,-0.7414407928388749,0.01929613159554547
2024,23,sauber,0.8595155903630062,-0.11433046169287375,0.018691823075393254
2024,24,sauber,0.8393656285018316,-0.17099553429027115,0.04188135121407084
2022,1,williams,0.7572118094464796,,
2022,2,williams,0.8330851455645525,0.1612646834477499,
2022,3,williams,0.86277607722166,,
2022,4,williams,0.8024858769174004,0.45741591046581964,
2022,5,williams,0.7844534143693007,,
2022,6,williams,0.7740455310245752,-0.261421052631579,
2022,7,williams,0.785780500481052,,
2022,8,williams,0.7918018179685667,,
2022,9,williams,0.7861566091954022,,
2022,10,williams,0.8305355252355024,,
2022,11,williams,0.7749361124960943,,
2022,12,williams,0.7394354914973109,,
2022,13,williams,0.8103332988582259,,
2022,14,williams,0.7592183477107135,,
2022,15,williams,0.9894610418049344,1.3578933566433564,
2022,16,williams,0.931465866366338,,
2022,17,williams,0.7909259578210048,-1.005698113207547,
2022,18,williams,0.7909259578210048,,
2022,19,williams,0.8977171475200451,-0.37196753246753245,
2022,20,williams,1.0141597495608614,1.1844494047619047,
2022,21,williams,1.091096630897928,,
2022,22,williams,1.0056441946931938,,
2023,1,williams,0.9909308057584116,,
2023,2,williams,0.9604444500485634,-0.7724647556390977,
2023,3,williams,0.9187770474511608,,
2023,4,williams,1.0109829442485765,,
2023,5,williams,1.2990432476152063,,
2023,6,williams,1.2350181828824933,0.07334147869674179,
2023,7,williams,1.154424637330301,-0.6444505331510595,
2023,8,williams,1.010838000752593,,
2023,9,williams,0.9759886078013762,-1.0845453781512606,
2023,10,williams,1.0034707380830663,-0.1380811747679057,
2023,11,williams,0.928206895390076,-0.6482133130027866,
2023,12,williams,0.8651194303506659,-0.3351454849498328,
2023,13,williams,0.882290036411272,1.0412525974025975,
2023,14,williams,0.8099096438812559,-0.5543005086071987,0.07857211394753398
2023,15,williams,0.7453851340773342,0.845246983408748,0.008254346330673897
2023,16,williams,0.7882677094674224,1.0699544179523142,0.04443061901725298
2023,17,williams,0.7675964030916982,,
2023,18,williams,0.8820400228247915,1.416391081871345,
2023,19,williams,0.9696126418724107,0.34885329131652654,
2023,20,williams,0.9447145980539443,-0.7909893230349841,
2023,21,williams,0.9443102634996099,,
2023,22,williams,1.0211614712290782,-0.6734771929824561,
2024,1,williams,0.9545433939041045,-0.34646366995073885,
2024,2,williams,0.9561979133044571,-0.31532743963782695,
2024,3,williams,0.9229306939722799,0.5494810204081633,
2024,4,williams,0.7858945687128948,-0.8550315789473684,
2024,5,williams,0.8441570349185283,0.19478647214854106,0.06322882627753044
2024,6,williams,0.8054818156202828,1.0147482142857145,0.004247739931175283
2024,7,williams,0.773600769254368,0.3294478016469746,0.07349015257414855
2024,8,williams,0.8059013144610923,0.7653412563667232,0.056575717365421725
2024,9,williams,0.8096543356504291,-1.008531876018718,2.352630458138545e-05
2024,10,williams,0.7994603729449212,,
2024,11,williams,0.7191467838460412,-0.7504755081815114,
2024,12,williams,0.7145071501906467,-0.6800895946036198,
2024,13,williams,0.7826005594004846,1.1247914914033337,
2024,14,williams,0.845949317769838,,
2024,15,williams,0.8799547567752768,1.2236577250874126,
2024,16,williams,0.8252131683558717,0.5638306214096171,
2024,17,williams,0.8420780401790354,-0.1316090348330914,
2024,18,williams,0.9208608429058608,0.9042476555839728,
2024,19,williams,0.8907183499372248,-1.5858632637853949,
2024,20,williams,0.8792505896188268,0.0805900425278947,0.024463739109062774
2024,21,williams,0.8838409725171786,-0.8563555256064692,0.024952431781297843
2024,22,williams,0.9674210713728946,,
2024,23,williams,0.9649167551335781,1.3735350819672132,
2024,24,williams,0.9101818229964722,-0.6521478896103897,
